,disease,symptoms,specialty,symptoms_list
0,Alzheimer's disease,"drool,agitation,nightmare,rhonchus,consciousness clear,pin-point pupils,bedridden,bedridden,frail,tremor resting,hyperkalemia,facial paresis,groggy,muscle twitch,wheelchair bound,tremor,cough,fever",Neurologist,"Heberden's node,Murphy's sign,Stahli's line,abdomen acute,abdominal bloating,abdominal tenderness,abnormal sensation,abnormally hard consistency,abortion,abscess bacterial,absences finding,achalasia,ache,adverse effect,adverse reaction,agitation,air fluid level,alcohol binge episode,alcoholic withdrawal symptoms,ambidexterity,angina pectoris,anorexia,anosmia,aphagia,apyrexial,arthralgia,ascites,asterixis,asthenia,asymptomatic,ataxia,atypia,aura,awakening early,barking cough,bedridden,behavior hyperactive,behavior showing increased motor activity,blackout,blanch,bleeding of vagina,bowel sounds decreased,bradycardia,bradykinesia,breakthrough pain,breath sounds decreased,breath-holding spell,breech presentation,bruit,burning sensation,cachexia,cardiomegaly,cardiovascular event,cardiovascular finding,catatonia,catching breath,charleyhorse,chest discomfort,chest tightness,chill,choke,cicatrisation,clammy skin,claudication,clonus,clumsiness,colic abdominal,consciousness clear,constipation,coordination abnormal,cushingoid facies,cushingoid habitus,cyanosis,cystic lesion,debilitation,decompensation,decreased body weight,decreased stool caliber,decreased translucency,diarrhea,difficulty,difficulty passing urine,disequilibrium,distended abdomen,distress respiratory,disturbed family,dizziness,dizzy spells,drool,drowsiness,dullness,dysarthria,dysdiadochokinesia,dysesthesia,dyspareunia,dyspnea,dyspnea on exertion,dysuria,ecchymosis,egophony,elation,emphysematous change,energy increased,enuresis,erythema,estrogen use,excruciating pain,exhaustion,extrapyramidal sign,extreme exhaustion,facial paresis,fall,fatigability,fatigue,fear of falling,fecaluria,feces in rectum,feeling hopeless,feeling strange,feeling suicidal,feels hot/feverish,fever,flare,flatulence,floppy,flushing,focal seizures,food intolerance,formication,frail,fremitus,frothy sputum,gag,gasping for breath,general discomfort,general unsteadiness,giddy mood,gravida,gravida,green sputum,groggy,guaiac positive,gurgle,hacking cough,haemoptysis,haemorrhage,hallucinations auditory,hallucinations visual,has religious belief,heartburn,heavy feeling,heavy legs,hematochezia,hematocrit decreased,hematuria,heme positive,hemianopsia homonymous,hemiplegia,hemodynamically stable,hepatomegaly,hepatosplenomegaly,hirsutism,history of - blackout,hoard,hoarseness,homelessness,homicidal thoughts,hot flush,hunger,hydropneumothorax,hyperacusis,hypercapnia,hyperemesis,hyperhidrosis disorder,hyperkalemia,hypersomnia,hypersomnolence,hypertonicity,hyperventilation,hypesthesia,hypoalbuminemia,hypocalcemia result,hypokalemia,hypokinesia,hypometabolism,hyponatremia,hypoproteinemia,hypotension,hypothermia natural,hypotonic,hypoxemia,immobile,impaired cognition,inappropriate affect,incoherent,indifferent mood,intermenstrual heavy bleeding,intoxication,irritable mood,jugular venous distention,labored breathing,lameness,large-for-dates fetus,left atrial hypertrophy,lesion,lethargy,lightheadedness,lip smacking,loose associations,low back pain,lung nodule,macerated skin,macule,malaise,mass in breast,mass of body structure,mediastinal shift,mental status changes,metastatic lesion,milky,moan,monoclonal,monocytosis,mood depressed,moody,motor retardation,muscle hypotonia,muscle twitch,myalgia,mydriasis,myoclonus,nasal discharge present,nasal flaring,nausea,nausea and vomiting,neck stiffness,neologism,nervousness,night sweat,nightmare,no known drug allergies,no status change,noisy respiration,non-productive cough,nonsmoker,numbness,numbness of hand,oliguria,orthopnea,orthostasis,out of breath,overweight,pain,pain abdominal,pain back,pain chest,pain foot,pain in lower limb,pain neck,painful swallowing,pallor,palpitation,panic,pansystolic murmur,para,para,paralyse,paraparesis,paresis,paresthesia,passed stones,patient non compliance,pericardial friction rub,phonophobia,photophobia,photopsia,pin-point pupils,pleuritic pain,pneumatouria,polydypsia,polymyalgia,polyuria,poor dentition,poor feeding,posterior rhinorrhea,posturing,presence of q wave,pressure chest,previous pregnancies 2,primigravida,prodrome,productive cough,projectile vomiting,prostate tender,prostatism,proteinemia,pruritus,pulse absent,pulsus paradoxus,pustule,qt interval prolonged,r wave feature,rale,rambling speech,rapid shallow breathing,red blotches,redness,regurgitates after swallowing,renal angle tenderness,rest pain,retch,retropulsion,rhd positive,rhonchus,rigor - temperature-associated observation,rolling of eyes,room spinning,satiety early,scar tissue,sciatica,scleral icterus,scratch marks,sedentary,seizure,sensory discomfort,shooting pain,shortness of breath,side pain,sinus rhythm,sleeplessness,sleepy,slowing of urinary stream,sneeze,sniffle,snore,snuffle,soft tissue swelling,sore to touch,spasm,speech slurred,splenomegaly,spontaneous rupture of membranes,sputum purulent,st segment depression,st segment elevation,stiffness,stinging sensation,stool color yellow,stridor,stuffy nose,stupor,suicidal,superimposition,sweat,sweating increased,swelling,symptom aggravating factors,syncope,systolic ejection murmur,systolic murmur,t wave inverted,tachypnea,tenesmus,terrify,thicken,throat sore,throbbing sensation quality,tinnitus,tired,titubation,todd paralysis,tonic seizures,transaminitis,transsexual,tremor,tremor resting,tumor cell invasion,unable to concentrate,unconscious state,uncoordination,underweight,unhappy,unresponsiveness,unsteady gait,unwell,urge incontinence,urgency of micturition,urinary hesitation,urinoma,verbal auditory hallucinations,verbally abusive behavior,vertigo,vision blurred,vomiting,weepiness,weight gain,welt,wheelchair bound,wheezing,withdraw,worry,yellow sputum,itching,skin rash,nodal skin eruptions,continuous sneezing,shivering,chills,joint pain,stomach pain,acidity,ulcers on tongue,muscle wasting,vomiting,burning micturition,spotting urination,fatigue,weight gain,anxiety,cold hands and feets,mood swings,weight loss,restlessness,lethargy,patches in throat,irregular sugar level,cough,high fever,sunken eyes,breathlessness,sweating,dehydration,indigestion,headache,yellowish skin,dark urine,nausea,loss of appetite,pain behind the eyes,back pain,constipation,abdominal pain,diarrhoea,mild fever,yellow urine,yellowing of eyes,acute liver failure,fluid overload,swelling of stomach,swelled lymph nodes,malaise,blurred and distorted vision,phlegm,throat irritation,redness of eyes,sinus pressure,runny nose,congestion,chest pain,weakness in limbs,fast heart rate,pain during bowel movements,pain in anal region,bloody stool,irritation in anus,neck pain,dizziness,cramps,bruising,obesity,enlarged thyroid,brittle nails,knee pain,hip joint pain,muscle weakness,stiff neck,swelling joints,movement stiffness,spinning movements,loss of balance,unsteadiness,weakness of one body side,loss of smell,bladder discomfort,foul smell of urine,continuous feel of urine,passage of gases,internal itching,toxic look (typhos),depression,irritability,muscle pain,altered sensorium,red spots over body,belly pain,abnormal menstruation,dischromic patches,watering from eyes,increased appetite,polyuria,family history,mucoid sputum,rusty sputum,lack of concentration,visual disturbances,receiving blood transfusion,receiving unsterile injections,coma,stomach bleeding,distention of abdomen,blood in sputum,palpitations,painful walking,pus filled pimples,blackheads,scurring,skin peeling,blister,red sore around nose"
1,HIV,"fever,night sweat,spontaneous rupture of membranes,cough,decreased body weight,chill,diarrhea,pleuritic pain,patient non compliance,tachypnea,productive cough,muscle hypotonia,hypotonic,feeling suicidal",Immunologist,
2,Pneumocystis carinii pneumonia,"yellow sputum,cachexia,chill,decreased body weight,productive cough,myalgia,diarrhea,neck stiffness,hacking cough,dyspareunia,hypokalemia,dyspnea on exertion,poor dentition,transaminitis,non-productive cough,headache,floppy,spontaneous rupture of membranes",Pulmonologist,
3,accident cerebrovascular,"dysarthria,asthenia,speech slurred,facial paresis,hemiplegia,unresponsiveness,seizure,numbness", Cardiologist,
4,acquired immuno-deficiency syndrome,"fever,night sweat,spontaneous rupture of membranes,cough,decreased body weight,chill,diarrhea,pleuritic pain,patient non compliance,tachypnea,productive cough,muscle hypotonia,hypotonic,feeling suicidal",Immunologist,
5,adenocarcinoma,"mass of body structure,lesion,decreased body weight,constipation,fremitus,decreased stool caliber,satiety early,hematochezia,egophony,pain,cicatrisation,scar tissue,pain abdominal",Oncologist,
6,adhesion,"flatulence,pain,large-for-dates fetus,para 1,vomiting,lung nodule,breech presentation,shortness of breath,decreased body weight,immobile,unsteady gait,hallucinations visual,feeling suicidal",Gynocologist,
7,affect labile,"extreme exhaustion,sleeplessness,enuresis,patient non compliance,feeling hopeless,hallucinations visual,bedridden,bedridden,prostatism",Psychiatrist,
8,anemia,"chill,guaiac positive,monoclonal,ecchymosis,tumor cell invasion,haemorrhage,pallor,asthenia,fatigue,heme positive,pain back,orthostasis,hyponatremia,dizziness,shortness of breath,pain,rhonchus,arthralgia,swelling,transaminitis",Hematologist,
9,anxiety state,"worry,feeling suicidal,suicidal,sleeplessness,feeling hopeless,irritable mood,tremor,blackout,weepiness,has religious belief,nervousness,hallucinations visual,formication,difficulty,pain chest,patient non compliance,agitation,palpitation,hallucinations auditory,mood depressed,hot flush,pain,consciousness clear,nightmare",Psychiatrist,
10,aphasia,"clonus,egophony,facial paresis,aphagia,muscle twitch,paralyse,low back pain,charleyhorse",Psychiatrist,
11,arthritis,"pain,hemodynamically stable,sleeplessness,asthenia,syncope,swelling,atypia,general unsteadiness,shortness of breath,distended abdomen",Orthopedic Surgeon,
12,asthma,"wheezing,cough,shortness of breath,chest tightness,non-productive cough,pleuritic pain,productive cough,symptom aggravating factors,distress respiratory",Pulmonologist,
13,bacteremia,"fever,chill,flushing,unresponsiveness,indifferent mood,urinoma,vomiting,distended abdomen,hypoalbuminemia,pustule,prostatism,diarrhea,abdominal tenderness,pleuritic pain,decreased translucency,pallor",Hematologist,
14,benign prostatic hypertrophy,"mental status changes,cachexia,blackout,orthostasis,orthopnea,night sweat,distress respiratory,anorexia,dysarthria",Urologist,
15,biliary calculus,"vomiting,nausea,pain abdominal,pain,cushingoid facies,cushingoid habitus,ascites,thicken,sore to touch,diarrhea,apyrexial,palpitation",Gastroenterologist,
16,bipolar disorder,"feeling suicidal,energy increased,suicidal,irritable mood,agitation,has religious belief,disturbed family,hallucinations auditory,verbal auditory hallucinations,weepiness,behavior hyperactive,catatonia,feeling hopeless,worry,sleeplessness,hypersomnia,difficulty,hallucinations visual,hyperhidrosis disorder,mydriasis,extrapyramidal sign,loose associations,intoxication,motor retardation,homelessness,blackout,tremor,exhaustion",Psychiatrist,
17,bronchitis,"cough,wheezing,shortness of breath,chest tightness,fever,throat sore,productive cough,hepatosplenomegaly,night sweat,haemoptysis,labored breathing,snuffle,hacking cough,dyspnea,chill,stridor,decreased body weight",Pulmonologist,
18,candidiasis,"diarrhea,throat sore,decreased body weight,chill,headache,abdominal tenderness,patient non compliance,photophobia,night sweat,painful swallowing,poor dentition,transaminitis,non-productive cough,adverse reaction,adverse effect,abdominal bloating",Dermatologist,
19,carcinoma,"mass of body structure,pain,lesion,tumor cell invasion,thicken,decreased body weight,hoarseness,general discomfort,metastatic lesion,non-productive cough,constipation,unhappy,paresthesia,gravida 0,diarrhea,sore to touch,heartburn,nausea,lung nodule",Dermatologist,
20,carcinoma breast,"mass in breast,mass of body structure,paresthesia,retropulsion,erythema,difficulty,lesion,estrogen use,burning sensation,dyspnea,swelling,formication",Oncologist,
21,carcinoma colon,"lesion,prostatism,constipation,general discomfort,diarrhea,pain abdominal,urinary hesitation,dizzy spells,shooting pain,bradycardia,vomiting,systolic ejection murmur,nausea,hyperemesis,polydypsia",Gastroenterologist,
22,carcinoma of lung,"lesion,cough,lung nodule,shortness of breath,haemoptysis,debilitation,gurgle,ache,rale,night sweat,decreased translucency,asthenia,metastatic lesion,agitation,irritable mood",Pulmonologist,
23,carcinoma prostate,"hematuria,dysesthesia,asthenia,polymyalgia,passed stones,pleuritic pain,guaiac positive,rale,breath sounds decreased,urge incontinence,dysuria,diarrhea,vertigo,qt interval prolonged,ataxia,paresis,hemianopsia homonymous,tumor cell invasion,hemodynamically stable,mass of body structure,rhonchus,orthostasis,decreased body weight",Oncologist,
24,cardiomyopathy,"shortness of breath,orthopnea,hypokinesia,jugular venous distention,palpitation,pain chest,syncope,yellow sputum,rale,dyspnea,dyspnea on exertion,left atrial hypertrophy,fatigue,weight gain,patient non compliance",Cardiologist,
25,cellulitis,"erythema,pain,swelling,redness,fever,abscess bacterial,patient non compliance,hypesthesia,hyperacusis,pruritus,pain chest,scratch marks,chill,sore to touch",Dermatologist,
26,cholecystitis,"moan,nausea,pain abdominal,Murphy's sign,flatulence,colic abdominal,pain,ascites,diarrhea,qt interval prolonged,cardiovascular finding,cardiovascular event,groggy,sinus rhythm,gasping for breath,constipation,feces in rectum,abnormally hard consistency",Gastroenterologist,
27,cholelithiasis,"vomiting,nausea,pain abdominal,pain,cushingoid facies,cushingoid habitus,ascites,thicken,sore to touch,diarrhea,apyrexial,palpitation",Gastroenterologist,
28,chronic alcoholic intoxication,"tremor,hallucinations auditory,suicidal,hoard,irritable mood,feeling hopeless,feeling suicidal,neologism,seizure,homelessness,sleeplessness,unconscious state,panic,breath sounds decreased,shortness of breath",Psychiatrist,
29,chronic kidney failure,"vomiting,orthopnea,hyperkalemia,oliguria,jugular venous distention,nausea,shortness of breath,mental status changes,diarrhea,asthenia,chest tightness,malaise,chill,rale,fever,pleuritic pain,apyrexial,guaiac positive,swelling,catatonia,unresponsiveness,yellow sputum",Nephrologist,
30,chronic obstructive airway disease,"shortness of breath,wheezing,cough,dyspnea,distress respiratory,sputum purulent,hypoxemia,hypercapnia,patient non compliance,chest tightness",Pulmonologist,
31,cirrhosis,"ascites,fall,splenomegaly,pruritus,pain abdominal,tumor cell invasion,distended abdomen,lesion,hemodynamically stable,guaiac positive,sore to touch,bleeding of vagina",Gastroenterologist,
32,colitis,"fever,thicken,green sputum,vomiting,nausea and vomiting,awakening early,pain,nausea,chill,tenesmus,urge incontinence,pain abdominal,hemodynamically stable",Gastroenterologist,
33,confusion,"seizure,enuresis,lethargy,speech slurred,fall,consciousness clear,mental status changes,asterixis,unconscious state,agitation,muscle twitch,asthenia,sleepy,dizziness,headache,dysarthria,lightheadedness,tremor,hyponatremia,unresponsiveness",Psychiatrist,
34,coronary arteriosclerosis,"pain chest,angina pectoris,shortness of breath,hypokinesia,sweat,sweating increased,pressure chest,dyspnea on exertion,orthopnea,chest tightness",Cardiologist,
35,coronary heart disease,"pain chest,angina pectoris,shortness of breath,hypokinesia,sweat,sweating increased,pressure chest,dyspnea on exertion,orthopnea,chest tightness",Cardiologist,
36,decubitus ulcer,"systolic murmur,frail,fever",Dermatologist,
37,deep vein thrombosis,"swelling,pain,ecchymosis,shortness of breath,pain in lower limb,cardiomegaly,rale,erythema,hypotension,clonus,non-productive cough,redness",Hematologist,
38,degenerative polyarthritis,"pain,food intolerance,numbness of hand,general discomfort,drowsiness,asthenia,nonsmoker,non-productive cough,polydypsia,stiffness,unsteady gait",Neurologist,
39,deglutition disorder,"paresthesia,titubation,dysarthria,painful swallowing,hoarseness,stridor,spasm,asthenia,dysdiadochokinesia,ataxia,achalasia,decreased body weight,stiffness,lesion,side pain",Neurologist,
40,dehydration,"fever,diarrhea,vomiting,hypotension,nausea,lightheadedness,unwell,mental status changes,anorexia,asthenia,sensory discomfort,syncope,lethargy,dizziness,syncope,blackout,history of - blackout",General Physician,
41,delirium,"unsteady gait,withdraw,hyponatremia,verbally abusive behavior,feeling suicidal,unresponsiveness,worry,drowsiness,sleepy,hallucinations auditory,suicidal,fever,diarrhea",Psychiatrist,
42,delusion,"loose associations,giddy mood,feeling hopeless,agitation,hallucinations auditory,irritable mood,sleeplessness,neologism,homicidal thoughts,disturbed family,worry,decompensation,verbally abusive behavior,catatonia,suicidal,terrify,blackout,weepiness,impaired cognition,irritable mood,agitation",Psychiatrist,
43,dementia,"fever,fall,unresponsiveness,lethargy,agitation,ecchymosis,syncope,rale,unconscious state,cough,bedridden,bedridden,pain,facial paresis,abdominal tenderness,rhonchus,unsteady gait,hallucinations auditory",Psychiatrist,
44,dependence,"intoxication,tremor,agitation,suicidal,homelessness,prostatism,lethargy,seizure,muscle twitch,stuffy nose,feeling hopeless,heavy legs,rale",Psychiatrist,
45,depression mental,"feeling suicidal,suicidal,hallucinations auditory,feeling hopeless,weepiness,sleeplessness,motor retardation,irritable mood,blackout,mood depressed,hallucinations visual,worry,agitation,tremor,intoxication,verbal auditory hallucinations,energy increased,difficulty,nightmare,unable to concentrate,homelessness",Psychiatrist,
46,depressive disorder,"feeling suicidal,suicidal,hallucinations auditory,feeling hopeless,weepiness,sleeplessness,motor retardation,irritable mood,blackout,mood depressed,hallucinations visual,worry,agitation,tremor,intoxication,verbal auditory hallucinations,energy increased,difficulty,nightmare,unable to concentrate,homelessness",Psychiatrist,
47,diabetes,"polyuria,polydypsia,shortness of breath,pain chest,asthenia,nausea,orthopnea,rale,sweat,sweating increased,unresponsiveness,mental status changes,vertigo,vomiting,labored breathing",Endocrinologist,
48,diverticulitis,"pain abdominal,abscess bacterial,dullness,red blotches,diarrhea,sore to touch,dysuria,pain,vomiting,sinus rhythm,colic abdominal,apyrexial,abdominal tenderness,fever,unsteady gait,thicken,urgency of micturition,anorexia,monoclonal,constipation",Gastroenterologist,
49,diverticulosis,"fecaluria,constipation,abscess bacterial,heme positive,lightheadedness,diarrhea,haemorrhage,pain,projectile vomiting,pneumatouria,cystic lesion,anorexia,nausea,feeling suicidal,feeling hopeless",Gastroenterologist,
50,edema pulmonary,"urgency of micturition,shortness of breath,rale,tachypnea,orthopnea,Heberden's node,jugular venous distention,dyspnea,sweat,sweating increased,patient non compliance,chest discomfort,hyperkalemia,sinus rhythm,pain chest,hypotension,wheezing",Pulmonologist,
51,effusion pericardial,"pericardial friction rub,dyspnea,shortness of breath,hemodynamically stable,cardiomegaly,hypotension,sputum purulent,facial paresis,pain,oliguria,blackout,intoxication",Cardiologist,
52,embolism pulmonary,"shortness of breath,hypoxemia,tachypnea,hematocrit decreased,pain chest,dyspnea,pleuritic pain,neck stiffness,yellow sputum,productive cough,cicatrisation,unresponsiveness,distress respiratory,wheezing,apyrexial,non-productive cough",Pulmonologist,
53,emphysema pulmonary,"behavior showing increased motor activity,scar tissue,dyspnea on exertion,coordination abnormal,myalgia,hypercapnia,clammy skin,has religious belief,room spinning,moan,night sweat,cachexia,symptom aggravating factors,dyspnea,rale,flushing,painful swallowing,arthralgia,choke,tenesmus,constipation",Pulmonologist,
54,encephalopathy,"uncoordination,asterixis,haemorrhage,drowsiness,sleepy,absences finding,posturing,aura,tonic seizures,debilitation,consciousness clear,unresponsiveness,thicken,hypokinesia",Endocrinologist,
55,endocarditis,"pleuritic pain,thicken,myalgia,apyrexial,night sweat,flare,shortness of breath,orthopnea,abscess bacterial,hypotension,cough,metastatic lesion,breath sounds decreased,decreased body weight,pulsus paradoxus,hypokinesia",Cardiologist,
56,epilepsy,"seizure,hypometabolism,aura,muscle twitch,drowsiness,tremor,unresponsiveness,hemiplegia,myoclonus,gurgle,sleepy,lethargy,wheelchair bound",Neurologist,
57,exanthema,"fever,pruritus,macule,lesion,redness,headache,apyrexial,arthralgia,swelling,erythema,photophobia,chill,scratch marks,pain,painful swallowing",Dermatologist,
58,failure heart,"orthopnea,fatigue,dyspnea on exertion,dyspnea,shortness of breath,pansystolic murmur,jugular venous distention,systolic ejection murmur,hypotension,angina pectoris,hypokinesia",Cardiologist,
59,failure heart congestive,"shortness of breath,orthopnea,jugular venous distention,rale,dyspnea,cough,wheezing",Cardiologist,
60,failure kidney,"orthopnea,oliguria,slowing of urinary stream,extreme exhaustion,unresponsiveness,hypotension,enuresis,shortness of breath,haemorrhage,prostatism,no status change,bedridden,bedridden,fatigue",Nephrologist,
61,fibroid tumor,"para 2,haemorrhage,abortion,intermenstrual heavy bleeding,muscle hypotonia,hypotonic,previous pregnancies 2,shortness of breath,fever,heartburn,primigravida,abnormally hard consistency,proteinemia",Gynocologist,
62,gastritis,"heme positive,pain abdominal,vomiting,disequilibrium,nausea,intoxication,haemorrhage,guaiac positive,pain,decreased body weight,sore to touch,dizziness",Gastroenterologist,
63,gastroenteritis,"pain abdominal,breath-holding spell,nausea,decreased body weight,sore to touch,scleral icterus,fever,myalgia,hyponatremia,retch,mass of body structure,decreased body weight",Gastroenterologist,
64,gastroesophageal reflux disease,"pain,pain chest,burning sensation,hyponatremia,satiety early,throbbing sensation quality,chest tightness,sensory discomfort,presence of q wave,nausea,general discomfort,constipation,palpitation,pain abdominal,heartburn,sweat,sweating increased,asthenia",Gastroenterologist,
65,glaucoma,"fall,distended abdomen,unsteady gait,paresthesia,hyponatremia,agitation,unconscious state,burning sensation,lesion,mass of body structure",Opthalmologist,
66,gout,"hot flush,pain,redness,swelling,erythema,emphysematous change,sore to touch,hypokinesia,ascites,patient non compliance",Rheumatologists,
67,hemiparesis,"dysarthria,paresis,asthenia,aphagia,seizure,speech slurred,focal seizures,hemiplegia,abnormal sensation,unresponsiveness,stupor,drowsiness,sleepy,fremitus,Stahli's line,stinging sensation,paralyse,clonus,facial paresis",Neurologist,
68,hemorrhoids,"haemorrhage,bowel sounds decreased,decreased stool caliber,nausea and vomiting,hunger,diarrhea,dizziness,hyponatremia,clonus,pain,achalasia,burning sensation,guaiac positive,numbness of hand,wheezing,cough",Neurologist,
69,hepatitis A,"ascites,spontaneous rupture of membranes,tachypnea,pain abdominal,pruritus,anorexia,transaminitis,projectile vomiting,chill,distress respiratory,fever,vomiting",Gastroenterologist,
70,hepatitis B,"inappropriate affect,tachypnea,yellow sputum,projectile vomiting,poor feeding,pain abdominal,abdominal tenderness,wheelchair bound,moan",Gastroenterologist,
71,hepatitis C,"ascites,distended abdomen,feeling suicidal,cough,ache,macerated skin,heavy feeling,hallucinations auditory,chill,asterixis,patient non compliance",Gastroenterologist,
72,hernia,"pain abdominal,pain,hyperventilation,excruciating pain,gag,nausea,posturing,hemiplegia,sore to touch,haemorrhage,apyrexial,food intolerance,pulse absent,asthenia,mass of body structure,thicken",Gastroenterologist,
73,hernia hiatal,"pain abdominal,fatigability,prodrome,vomiting,nausea,myalgia,hyponatremia,sore to touch,general discomfort,dyspnea on exertion,asterixis,guaiac positive,numbness of hand,headache,photophobia",Gastroenterologist,
74,Fungal infection,"itching,skin rash,nodal skin eruptions,dischromic  patches",Dermatologist,
75,hyperbilirubinemia,"cyanosis,tachypnea,para 1,bradycardia,breech presentation,cushingoid facies,cushingoid habitus,cough,myalgia",Pediatrician,
76,hypercholesterolemia,"pain,pain chest,sweat,sweating increased,nonsmoker,pressure chest,syncope,numbness,chest discomfort,shortness of breath,st segment depression,worry,t wave inverted,bradycardia,dyspnea",Cardiologist,
77,hyperglycemia,"sore to touch,pruritus,feeling strange,pustule,cushingoid facies,cushingoid habitus,decreased body weight,mood depressed,estrogen use,wheezing,ascites,seizure",Hematologist,
78,hyperlipidemia,"pain chest,angina pectoris,palpitation,presence of q wave,photopsia,sweat,sweating increased,chest discomfort,shortness of breath,giddy mood,hypokinesia,hemiplegia,dizziness",Cardiologist,
79,hypertension pulmonary,"shortness of breath,Stahli's line,heavy legs,breath sounds decreased,neck stiffness,dyspnea on exertion,cyanosis,hypotension,left atrial hypertrophy",Cardiologist,
80,hypertensive disease,"pain chest,shortness of breath,dizziness,asthenia,fall,syncope,vertigo,sweat,sweating increased,palpitation,nausea,angina pectoris,pressure chest",Cardiologist,
81,hypoglycemia,"unresponsiveness,hypothermia, natural,incoherent,qt interval prolonged,lameness,claudication,unconscious state,clammy skin,polyuria,distress respiratory,hypotension",General Physician,
82,hypothyroidism,"shortness of breath,prostatism,drowsiness,sleepy,hyponatremia,fall,unsteady gait,polyuria,hypotension,difficulty,syncope,nightmare,speech slurred,weight gain,asthenia,fatigue,tired,agitation,mental status changes,motor retardation,vomiting,numbness,mass of body structure",Endocrinologist,
83,ileus,"abscess bacterial,abdomen acute,air fluid level,catching breath,abdominal tenderness,nausea,sore to touch,flatulence,diarrhea,mass of body structure,apyrexial,constipation,thicken,gravida,pain abdominal",Urologist,
84,incontinence,"paraparesis,seizure,asthenia,urge incontinence,unconscious state,aura,moody,fear of falling,tremor,spasm,unhappy,syncope,fall,stiffness,unresponsiveness",Gastroenterologist,
85,infection,"fever,erythema,decreased translucency,hepatosplenomegaly,chill,pruritus,diarrhea,abscess bacterial,swelling,pain,apyrexial,cough",Pathologist,
86,infection urinary tract,"fever,dysuria,hematuria,renal angle tenderness,lethargy,asthenia,hyponatremia,hemodynamically stable,distress respiratory,difficulty passing urine,mental status changes,consciousness clear",Urologist,
87,influenza,"uncoordination,fever,pleuritic pain,snuffle,throat sore,malaise,debilitation,symptom aggravating factors,chill,scleral icterus,nasal flaring,dysuria,lip smacking,headache,sneeze,snore,green sputum,shortness of breath,distress respiratory,blackout,extreme exhaustion",Pediatrician,
88,insufficiency renal,"shortness of breath,hyperkalemia,orthopnea,rale,urgency of micturition,ascites,guaiac positive,asthenia,apyrexial,mental status changes,dyspnea,difficulty,diarrhea,hypotension,breath sounds decreased,swelling,hypokinesia",Nephrologist,
89,ischemia,"drowsiness,sleepy,pain chest,angina pectoris,pressure chest,chest discomfort,shortness of breath,dyspnea,sinus rhythm,bradycardia,sweat,sweating increased,rale,asymptomatic,anorexia",Cardiologist,
90,ketoacidosis diabetic,"polyuria,vomiting,nausea,pain abdominal,milky,feeling strange,gurgle,nervousness,abdominal tenderness,regurgitates after swallowing,vision blurred,urinary hesitation,diarrhea,seizure,aura",Endocrinologist,
91,kidney disease,"shortness of breath,hyperkalemia,pain chest,fever,gravida,bleeding of vagina",Nephrologist,
92,kidney failure acute,"hyperkalemia,hypotension,hypocalcemia result,oliguria,hemodynamically stable,asthenia,hypothermia, natural,diarrhea,haemorrhage,unresponsiveness",Nephrologist,
93,lymphatic diseases,"pain,mass of body structure,night sweat,splenomegaly,lesion,chill,decreased body weight,swelling,fever,hyperacusis,fremitus,non-productive cough,egophony,redness,hepatomegaly,fatigue",Hematologist,
94,lymphoma,"lesion,fever,welt,transaminitis,decreased body weight,ataxia,tinnitus,hydropneumothorax,superimposition,haemoptysis,fatigue,tired,polydypsia,difficulty passing urine",Hematologist,
95,malignant neoplasm of breast,"mass in breast,mass of body structure,paresthesia,retropulsion,erythema,difficulty,lesion,estrogen use,burning sensation,dyspnea,swelling,formication",Onchologist,
96,malignant neoplasm of lung,"lesion,cough,lung nodule,shortness of breath,haemoptysis,debilitation,gurgle,ache,rale,night sweat,decreased translucency,asthenia,metastatic lesion,agitation,irritable mood",Onchologist,
97,malignant neoplasm of prostate,"hematuria,dysesthesia,asthenia,polymyalgia,passed stones,pleuritic pain,guaiac positive,rale,breath sounds decreased,urge incontinence,dysuria,diarrhea,vertigo,qt interval prolonged,ataxia,paresis,hemianopsia homonymous,tumor cell invasion,hemodynamically stable,mass of body structure,rhonchus,orthostasis,decreased body weight",Onchologist,
98,Allergy,"continuous sneezing,shivering,chills,watering from eyes",Immunologist,
99,malignant tumor of colon,"lesion,prostatism,constipation,general discomfort,diarrhea,pain abdominal,urinary hesitation,dizzy spells,shooting pain,bradycardia,vomiting,systolic ejection murmur,nausea,hyperemesis,polydypsia",Onchologist,
100,malignant neoplasms,"pain,mass of body structure,lesion,cushingoid facies,cushingoid habitus,emphysematous change,decreased body weight,ascites,hoarseness,thicken,hematuria",Onchologist,
101,manic disorder,"energy increased,suicidal,hypersomnia,feeling suicidal,blanch,hallucinations auditory,hallucinations visual,elation,verbal auditory hallucinations,feeling hopeless,difficulty,decompensation,verbally abusive behavior,suicidal,feeling suicidal",Psychiatrist,
102,melanoma,"mass of body structure,paraparesis,fever,gravida,pain,pruritus,mass in breast,vomiting,diarrhea",Onchologist,
103,migraine disorders,"ambidexterity,vomiting,dizziness,numbness,nausea,fever,splenomegaly",Neurologist,
104,mitral valve insufficiency,"shortness of breath,dyspnea on exertion,asymptomatic,hypokinesia,dyspnea,syncope,thicken,left atrial hypertrophy,palpitation,fatigue,vomiting,pain,cardiomegaly,chest discomfort",Cardiologist,
105,myocardial infarction,"pain chest,st segment elevation,sweat,sweating increased,shortness of breath,st segment depression,hypokinesia,angina pectoris,pressure chest,t wave inverted,orthopnea,rale,chest tightness,presence of q wave,palpitation,dyspnea,chest discomfort,bradycardia,syncope",Cardiologist,
106,neoplasm,"mass of body structure,lesion,pain chest,hematuria,tumor cell invasion,pain,anosmia,thicken,metastatic lesion,food intolerance,decreased body weight,night sweat,hemianopsia homonymous,satiety early,pain abdominal,headache",Onchologist,
107,neoplasm metastasis,"thicken,tumor cell invasion,metastatic lesion,pain neck,lung nodule,pain,pain abdominal,food intolerance,mass of body structure,atypia",Onchologist,
108,neuropathy,"asthenia,numbness,nausea and vomiting,awakening early,hydropneumothorax,superimposition,fatigability,tenesmus,pain,slowing of urinary stream",Neurologist,
109,neutropenia,"transaminitis,splenomegaly,night sweat,apyrexial,lesion,snuffle,chill,cough,monoclonal,hypocalcemia result,oliguria,rhd positive,distress respiratory",Hematologist,
110,obesity,"pain,catatonia,snore,pain chest,r wave feature,has religious belief,shortness of breath,fatigue,tired,overweight,systolic murmur,mood depressed,ecchymosis",Nutritionist,
111,obesity morbid,"out of breath,sedentary,angina pectoris,cough,unhappy,labored breathing,hypothermia, natural,dyspnea,hematocrit decreased,wheezing,hypoxemia,renal angle tenderness,feels hot/feverish",Nutritionist,
112,oralcandidiasis,"diarrhea,throat sore,decreased body weight,chill,headache,abdominal tenderness,patient non compliance,photophobia,night sweat,painful swallowing,poor dentition,transaminitis,non-productive cough,adverse reaction,adverse effect,abdominal bloating",Pediatrician,
113,osteomyelitis,"pain,redness,prostate tender,fever,difficulty passing urine,sore to touch,swelling,apyrexial,erythema,abscess bacterial,pain foot,urinary hesitation",Orthopedic Surgeon,
114,osteoporosis,"prostatism,fall,hirsutism,sniffle,distended abdomen,vertigo,numbness of hand,bradykinesia,pain,syncope,out of breath,apyrexial,urge incontinence,lightheadedness",Physiotherapist,
115,overload fluid,"rale,jugular venous distention,hyperkalemia,orthopnea,shortness of breath,drowsiness,sleepy,weight gain,hypokalemia,hypotension,swelling,distended abdomen",Nephrologist,
116,pancreatitis,"vomiting,pain abdominal,nausea,pain,diarrhea,stool color yellow,rigor - temperature-associated observation,apyrexial,sore to touch",Gastroenterologist,
117,pancytopenia,"hypoproteinemia,fatigue,haemorrhage,fatigability,cushingoid facies,cushingoid habitus,stool color yellow,colic abdominal",Hematologist,
118,paranoia,"hallucinations auditory,hallucinations visual,agitation,irritable mood,verbal auditory hallucinations,feeling suicidal,suicidal,terrify,neologism,homelessness,energy increased,mood depressed,decompensation,cicatrisation,scar tissue,blackout,loose associations",Psychiatrist,
119,parkinson disease,"achalasia,fall,stiffness,withdraw,agitation,hemiplegia,difficulty,unresponsiveness,syncope,facial paresis,orthostasis,worry,drowsiness,sleepy,hematuria,tremor,night sweat,mass of body structure",Neurologist,
120,paroxysmal dyspnea,"orthopnea,shortness of breath,dyspnea on exertion,jugular venous distention,rale,pain chest,palpitation,sweat,sweating increased,weight gain,cough,dyspnea",Pulmonologist,
121,pericardial effusion body substance,"pericardial friction rub,dyspnea,shortness of breath,hemodynamically stable,cardiomegaly,hypotension,sputum purulent,facial paresis,pain,oliguria,blackout,intoxication",Pathologist,
122,peripheral vascular disease,"shortness of breath,rest pain,angina pectoris,unresponsiveness,hyperkalemia,sinus rhythm,labored breathing,dyspnea,sore to touch,anorexia,sleepy",Cardiologist,
123,personality disorder,"nightmare,feeling hopeless,transsexual,hallucinations auditory,irritable mood,sleeplessness,agitation,weepiness,mood depressed,scratch marks,nausea and vomiting,extreme exhaustion,side pain,worry,enuresis,homelessness,nervousness,ascites,pruritus",Psychiatrist,
124,pneumonia,"cough,fever,decreased translucency,shortness of breath,rale,productive cough,pleuritic pain,yellow sputum,breath sounds decreased,chill,rhonchus,green sputum,non-productive cough,wheezing,haemoptysis,distress respiratory,tachypnea,malaise,night sweat",Pulmonologist,
125,pneumonia aspiration,"mediastinal shift,fever,clonus,mental status changes,decreased translucency,unresponsiveness,extreme exhaustion,stupor,seizure,transaminitis,hemiplegia,cough,gurgle,pain,diarrhea,pain abdominal",Pulmonologist,
126,pneumothorax,"dyspnea,cardiovascular finding,cardiovascular event,haemoptysis,cough,hypercapnia,soft tissue swelling,prostatism,agitation",Pulmonologist,
127,primary carcinoma of the liver cells,"mass of body structure,splenomegaly,lesion,paresis,tumor cell invasion,room spinning,haemorrhage,thicken,indifferent mood,cachexia,hypothermia, natural,pain abdominal,hepatomegaly,hematocrit decreased,stupor,decreased body weight,shortness of breath,cough",Onchologist,
128,primary malignant neoplasm,"pain,mass of body structure,lesion,cushingoid facies,cushingoid habitus,emphysematous change,decreased body weight,ascites,hoarseness,thicken,hematuria",Onchologist,
129,psychotic disorder,"suicidal,hallucinations auditory,feeling suicidal,hallucinations visual,motor retardation,blackout,verbal auditory hallucinations,feeling hopeless,irritable mood,agitation,tremor,catatonia,weepiness,homelessness,sleeplessness,withdraw,energy increased,intoxication,worry,behavior hyperactive,patient non compliance,mood depressed,terrify,nightmare,consciousness clear",Psychiatrist,
130,pyelonephritis,"fever,pain,urgency of micturition,hematuria,vomiting,chill,diarrhea,nausea,pain abdominal,myalgia,fever,chill",Nephrologist,
131,respiratory failure,"hemiplegia,snore,unresponsiveness,productive cough,dyspnea,tachypnea,hyperkalemia,hypokinesia,sinus rhythm,general unsteadiness,bruit,consciousness clear,shortness of breath,lesion,redness",Pulmonologist,
132,schizophrenia,"hallucinations auditory,hypersomnolence,irritable mood,verbal auditory hallucinations,patient non compliance,agitation,suicidal,worry,hallucinations visual,underweight,underweight,homelessness",Psychiatrist,
133,sepsis (invertebrate),"fever,distress respiratory,hypotension,tachypnea,chill,lethargy,bradycardia,breech presentation,cyanosis,spontaneous rupture of membranes,haemorrhage,unresponsiveness,rale,apyrexial",Hospitalist,
134,septicemia,"fever,distress respiratory,hypotension,tachypnea,chill,lethargy,bradycardia,breech presentation,cyanosis,spontaneous rupture of membranes,haemorrhage,unresponsiveness,rale,apyrexial",Hematologist,
135,sickle cell anemia,"breakthrough pain,pain back,pain,shortness of breath,snuffle,pain chest,pain abdominal,hepatosplenomegaly,green sputum,apyrexial,headache",Hematologist,
136,spasm bronchial,"shortness of breath,scar tissue,apyrexial,no known drug allergies,pain,productive cough,throat sore,dyspnea,chest tightness,hypoxemia,tachypnea,sensory discomfort,fever,vomiting,rhonchus,hemiplegia,fremitus",Pulmonologist,
137,stenosis aortic valve,"dyspnea on exertion,syncope,chest discomfort,systolic murmur,sciatica,angina pectoris,pain chest,frothy sputum,bradycardia,shortness of breath,pain",Cardiologist,
138,suicide attempt,"hallucinations auditory,sleeplessness,suicidal,motor retardation,weepiness,unable to concentrate,todd paralysis,worry,fatigue,tremor,alcoholic withdrawal symptoms,agitation,unresponsiveness,blackout,withdraw,difficulty,irritable mood,sensory discomfort,drowsiness,formication,unconscious state,fever,cough",Psychiatrist,
139,systemic infection,"fever,distress respiratory,hypotension,tachypnea,chill,lethargy,bradycardia,breech presentation,cyanosis,spontaneous rupture of membranes,haemorrhage,unresponsiveness,rale,apyrexial",Pathologist,
140,tachycardia sinus,"left atrial hypertrophy,sweat,sweating increased,alcohol binge episode,pressure chest,scar tissue,cardiovascular finding,cardiovascular event,orthostasis,shortness of breath,t wave inverted,vomiting,pain abdominal",Cardiologist,
141,thrombocytopaenia,"ecchymosis,monocytosis,posterior rhinorrhea,haemorrhage,tachypnea,fever,pruritus,hypotension,fatigue",Hematologist,
142,thrombus,"hypokinesia,anorexia,hypertonicity,shortness of breath,hypoalbuminemia,pruritus,sore to touch,hemodynamically stable,facial paresis,vomiting,stool color yellow",Pathologist,
143,tonic-clonic epilepsy,"drowsiness,lip smacking,myoclonus,tremor,phonophobia,rolling of eyes,sleepy,hirsutism,moody,muscle twitch,unresponsiveness,headache,ambidexterity,absences finding,spasm,decreased body weight,tumor cell invasion",Neurologist,
144,tonic-clonic seizures,"drowsiness,lip smacking,myoclonus,tremor,phonophobia,rolling of eyes,sleepy,hirsutism,moody,muscle twitch,unresponsiveness,headache,ambidexterity,absences finding,spasm,decreased body weight,tumor cell invasion",Neurologist,
145,transient ischemic attack,"speech slurred,dysarthria,facial paresis,asthenia,neck stiffness,vertigo,numbness,lightheadedness,extrapyramidal sign,Stahli's line,vision blurred,headache,room spinning,syncope,difficulty,rambling speech,clumsiness",Neurologist,
146,tricuspid valve insufficiency,"shortness of breath,pain,vomiting,nausea,bradycardia,pain abdominal,fever,cicatrisation,mediastinal shift,impaired cognition",Cardiologist,
147,ulcer peptic,"pain abdominal,paraparesis,nausea,vomiting,polymyalgia,out of breath,pain chest,hemiplegia,gurgle,hunger,apyrexial,nervousness",Gastroenterologist,
148,upper respiratory infection,"cough,throat sore,wheezing,shortness of breath,labored breathing,fever,stuffy nose,non-productive cough,snuffle,indifferent mood,egophony,barking cough,polymyalgia,pleuritic pain,night sweat,dyspnea,productive cough,decreased translucency,rhonchus,rapid shallow breathing,apyrexial,noisy respiration,nasal discharge present,emphysematous change,frail,cystic lesion,symptom aggravating factors,hemodynamically stable",Pulmonologist,
149,GERD,"stomach pain,acidity,ulcers on tongue,vomiting,cough,chest pain",Gastroenterologist,
150,Jaundice,"abdominal pain,yellowish skin,dark urine,high fever,weight loss,fatigue,vomiting,itching",Gastroenterologist,
151,Drug Reaction,"burning micturition,spotting urination,stomach pain,itching,skin rash",Immunologist,
152,Cervical spondylosis,"loss of balance,neck pain,dizziness,back pain,weakness in limbs",Orthopaedic,
153,Paralysis (brain hemorrhage),"altered sensorium,headache,vomiting,weakness of one body side",Neurologist,
154,Malaria,"diarrhoea,muscle pain,nausea,headache,sweating,chills,high fever,vomiting",General Physician,
155,Chicken pox,"malaise,red spots over body,mild fever,swelled lymph nodes,headache,high fever,loss of appetite,lethargy,itching,skin rash,fatigue",General Physician,
156,Dengue,"malaise,red spots over body,muscle pain,nausea,loss of appetite,pain behind the eyes,back pain,headache,high fever, vomiting,fatigue,chills,joint pain,skin rash",General Physician,
157,Typhoid,"belly pain,toxic look (typhos),constipation,abdominal pain,diarrhoea,nausea,headache,high fever,chills,fatigue,vomiting",General Physician,
158,Common Cold,"loss of smell,muscle pain,phlegm,throat irritation,redness of eyes,sinus pressure,runny nose,congestion,chest pain,malaise,swelled lymph nodes,cough,high fever,headache,continuous sneezing,fatigue,chills",General Physician,
159,Hepatitis E,"coma,stomach bleeding,acute liver failure,yellowing of eyes,abdominal pain,yellowish skin,dark urine,nausea,loss of appetite,joint pain,high fever,fatigue,vomiting",Gastroenterologist,
160,Tuberculosis,"blood in sputum,phlegm,chest pain,swelled lymph nodes,malaise,yellowing of eyes,mild fever,loss of appetite,cough,high fever,fatigue,sweating,breathlessness",Pulmonologist,
161,Dimorphic hemmorhoids(piles),"pain during bowel movements,pain in anal region,bloody stool,irritation in anus,constipation",Pathologist,
162,Heart attack,"chest pain,sweating,vomiting,breathlessness",Cardiologist,
163,Acne,"pus filled pimples,blackheads,scurring,skin rash",Dermatologist,
